genome,tree_height,tree_memory,total_compression_time,tree_creation_time,compressor_time,compression_ratio,space_savings,original_file_size,encoded_file_size
ecoli,11,25.57,27.605,0.0,27.605,0.25,0.75,4.426624298095703,1.1066608428955078
chr21,11,39.47,114.956,0.0,114.956,0.25,0.75,18.472615242004395,4.618158340454102
chr21,11,40.2,202.932,0.0,202.932,0.25,0.75,18.472615242004395,4.618158340454102
ecoli,11,25.46,14.048,0.0,14.048,0.25,0.75,4.426624298095703,1.1066608428955078
